On-campus Services,Service Availability,Counseling Services,Mental Health Services,Wellness Services,Therapy Services,Hotline Services
student support team,availability,virtual counseling service,cost of mental health resources,wellness information services,long term therapy,24-hour hotline
limitations of on-campus therapists,waitlists,peer counseling services,mental health accessibility,coaching services,long-term therapy options,24 hour service
student health center,appointment system,counseling services,mental health employee,wellness services,one-on-one therapy,crisis line
student health and wellness program,appointment limits,cougar counseling,mental health days,sexual health supplies,therapy dogs,phone hotlines
student-run services,website accessibility,counselor qualifications,mindfulness programs,wellness events,individual therapy,hotline
academic support,website and app,24-hour counseling service,mental health union,well-woman services,holistic approaches,24 hour line
campus environment,accessibility,individual counseling,mental health center,daily health check,dog therapy,on-call talks
understanding student needs,waiting list,addiction counseling,mental health services,wellness meetings and events,long-term therapy,pal hotline
student wellness center,waitlist,department specific counseling,mental health connection,wellness coaches,pet therapy,24-hour crisis hotline
student engagement,wait times,off-campus counseling,mental health communication,wellness awareness,animal interactions,24 hour hotline
university acknowledgment,services availability,in-person counseling,mental health meetings,wellness activities,private therapy,
off-campus health services,range of services,zoom counseling,promotion of mental health services,wellness chat,preventative measures,
streamlining classroom help,provider availability,professional counseling,mental health resources,short-term sessions,treatment accessibility,
university resources,expansion,barriers to counseling,awareness of mental health issues,long-term solutions,medical care,
online student services,pharmacy services,drop-in counseling,mental health training,long-term care,medication accessibility,
campus culture,variety of services,availability of counseling sessions,checking in on students mental health,long-term resources,medication,
education programs,telehealth services,in-person counseling services,mental health hotline,disabilities office,therapist appointments,
on-site support,special needs services,group counseling,clubs prioritizing mental health,peer support,therapist specialization,
,sails department,substance abuse counseling,mental health awareness,support groups,off-campus therapist,
,availability of services,diversity of counselors,in-person mental health services,special support,therapist availability,
,external connections,availability of individual counseling,psychiatric services,disability services,sports therapists,
,indirect services,peer counseling,in-office psychiatrist,crisis intervention,relationship with therapist,
,emergency services,,psychologist appointments,,primary physician,
,360 life services,,professional victim advocates,,nurses,
,crisis services,,psychologist availability,,nutritionist,
,zoom meetings,,psychologists,,,
,triage,,psychiatry department,,,
,session limits,,psychiatric nurse practitioner,,,
,staffing,,de-stigmatization,,,
,professionalism,,trauma awareness,,,
,administration response,,de-stress activities,,,
,staff interaction,,,,,
,promotion of resources,,,,,
,in-network resources,,,,,
,program awareness,,,,,
,awareness of professional resources,,,,,
,resource information,,,,,
,effectiveness of programs,,,,,
,attention and awareness,,,,,
,privacy,,,,,
,resource awareness,,,,,
,awareness events,,,,,