Aspects,Valid
student support team,1
virtual counseling service,1
academic stress,1
program awareness,1
peer counseling services,1
long term therapy,1
long-term therapy options,1
wellness information services,1
self-care emphasis,1
one-on-one therapy,1
cost of mental health resources,1
awareness of professional resources,1
services availability,1
mental health accessibility,1
cougar counseling,1
coaching services,1
wellness services,1
resource information,1
student health center,1
student health and wellness program,1
24-hour hotline,1
understanding help process,1
24 hour service,1
therapy dogs,1
awareness of limitations,1
understanding staff,1
mental health employee,1
medication,1
session limits,1
therapist appointments,1
psychiatric services,1
crisis line,1
mental health days,1
mindfulness programs,1
in-office psychiatrist,1
staffing,1
range of services,1
sexual health supplies,1
wellness events,1
professionalism,1
therapist specialization,1
student-run services,1
psychologist appointments,1
effectiveness of programs,1
individual therapy,1
counselor qualifications,1
crisis intervention,1
preventative measures,1
disability services,1
family dynamics,1
attention and awareness,1
well-woman services,1
availability,1
mental health union,1
off-campus therapist,1
academic support,1
treatment accessibility,1
phone hotlines,1
mental health center,1
on-site support,1
mental health services,1
privacy,1
mental health connection,1
campus environment,1
counseling services,1
success coaching,1
hotline,1
primary physician,1
short-term sessions,1
24-hour counseling service,1
disabilities office,1
administration response,1
understanding student needs,1
mental health communication,1
mental health meetings,1
pharmacy services,1
individual counseling,1
holistic approaches,1
addiction counseling,1
promotion of mental health services,1
resource awareness,1
waitlists,1
daily health check,1
department specific counseling,1
variety of services,1
diagnostics,1
mental health resources,1
telehealth services,1
limitations of on-campus therapists,1
student wellness center,1
off-campus counseling,1
in-person counseling,1
wellness meetings and events,1
training,1
wellness coaches,1
student engagement,1
university acknowledgment,1
awareness of mental health issues,1
special needs services,1
trauma awareness,1
professional victim advocates,1
staff interaction,1
on-call talks,1
off-campus health services,1
appointment system,1
mental health training,1
peer support,1
dog therapy,1
therapist availability,1
psychologist availability,1
checking in on students’ mental health,1
psychologists,1
nurses,1
zoom counseling,1
attention to rowing team,1
medical care,1
long-term solutions,1
mental health hotline,1
appointment limits,1
psychiatry department,1
professional counseling,1
diagnosis practices,1
barriers to counseling,1
sails department,1
website accessibility,1
streamlining classroom help,1
promotion of resources,1
website and app,1
long-term therapy,1
long-term care,1
availability of services,1
drop-in counseling,1
wellness awareness,1
clubs prioritizing mental health,1
pal hotline,1
availability of counseling sessions,1
accessibility,1
awareness events,1
wellness activities,1
mental health awareness,1
university resources,1
sports therapists,1
24-hour crisis hotline,1
relationship with therapist,1
pet therapy,1
wellness chat,1
external connections,1
animal interactions,1
long-term resources,1
indirect services,1
online student services,1
de-stress activities,1
campus culture,1
psychiatric nurse practitioner,1
in-person counseling services,1
let's talk drop-in sessions,1
24 hour hotline,1
in-person options,1
emergency services,1
in-network resources,1
360 life services,1
zoom meetings,1
group counseling,1
24 hour line,1
crisis services,1
waiting list,1
medication accessibility,1
nutritionist,1
in-person mental health services,1
expansion,1
waitlist,1
education programs,1
support groups,1
provider availability,1
private therapy,1
substance abuse counseling,1
triage,1
wait times,1
diversity of counselors,1
limitations,1
availability of individual counseling,1
special support,1
peer counseling,1
peer experiences,1